StartTime,ActualDuration,Labels,NumThreads,ActualQPS,p50,p90,p99,p999,cpu_mili_avg_istio_proxy_fortioclient,cpu_mili_avg_istio_proxy_fortioserver,cpu_mili_avg_istio_proxy_istio-ingressgateway,mem_Mi_avg_istio_proxy_fortioclient,mem_Mi_avg_istio_proxy_fortioserver,mem_Mi_avg_istio_proxy_istio-ingressgateway
2023-03-03T17:50:48.601767027Z,240,nighthawk_c0486d6f_qps_400_c_2_1024_v2-stats-wasm_both_with_hawk,2,400,3818,6114,7791,8959,0,0,0,0,0,0
2023-03-03T18:03:08.255393472Z,240,nighthawk_c0486d6f_qps_100_c_8_1024_v2-stats-wasm_both_with_hawk,8,100,2889,5952,7427,8279,0,0,0,0,0,0
2023-03-03T18:31:54.197255800Z,240,nighthawk_c0486d6f_qps_400_c_64_1024_v2-stats-wasm_both_with_hawk,64,400,2400,5787,7388,9785,0,0,0,0,0,0
2023-03-03T18:11:21.287194817Z,240,nighthawk_c0486d6f_qps_100_c_16_1024_v2-stats-wasm_both_with_hawk,16,100,2823,5903,7454,17878,0,0,0,0,0,0
2023-03-03T18:15:27.983459433Z,240,nighthawk_c0486d6f_qps_400_c_16_1024_v2-stats-wasm_both_with_hawk,16,400,3793,6694,11777,36704,0,0,0,0,0,0
2023-03-03T18:07:14.749834377Z,240,nighthawk_c0486d6f_qps_400_c_8_1024_v2-stats-wasm_both_with_hawk,8,400,5138,10274,19267,26217,0,0,0,0,0,0
2023-03-03T17:59:01.538955772Z,240,nighthawk_c0486d6f_qps_400_c_4_1024_v2-stats-wasm_both_with_hawk,4,400,4472,7415,11474,14691,0,0,0,0,0,0
2023-03-03T18:27:46.598081469Z,240,nighthawk_c0486d6f_qps_100_c_64_1024_v2-stats-wasm_both_with_hawk,64,100,2834,5977,7556,8355,0,0,0,0,0,0
2023-03-03T18:23:40.386184367Z,240,nighthawk_c0486d6f_qps_400_c_32_1024_v2-stats-wasm_both_with_hawk,32,400,2762,6135,8536,21081,0,0,0,0,0,0
2023-03-03T18:19:34.184301876Z,240,nighthawk_c0486d6f_qps_100_c_32_1024_v2-stats-wasm_both_with_hawk,32,100,2848,6164,7807,8689,0,0,0,0,0,0
2023-03-03T17:54:54.836295769Z,240,nighthawk_c0486d6f_qps_100_c_4_1024_v2-stats-wasm_both_with_hawk,4,100,2769,5840,7372,8008,0,0,0,0,0,0
2023-03-03T17:46:42.325475589Z,240,nighthawk_c0486d6f_qps_100_c_2_1024_v2-stats-wasm_both_with_hawk,2,100,2726,6019,7671,8395,0,0,0,0,0,0

2023-03-03T19:10:36.481472015Z,240,nighthawk_2edbabda_qps_400_c_8_1024_v2-stats-wasm_both,8,400,1323,1537,1898,3294,0,0,0,0,0,0
2023-03-03T19:28:05.812770690Z,240,nighthawk_2edbabda_qps_100_c_32_1024_v2-stats-wasm_both,32,100,2002,2292,2685,4387,0,0,0,0,0,0
2023-03-03T18:58:17.836789920Z,240,nighthawk_2edbabda_qps_100_c_4_1024_v2-stats-wasm_both,4,100,1889,2125,2525,4263,0,0,0,0,0,0
2023-03-03T19:06:30.188259220Z,240,nighthawk_2edbabda_qps_100_c_8_1024_v2-stats-wasm_both,8,100,1854,2068,2405,3600,0,0,0,0,0,0
2023-03-03T20:16:47.864564324Z,240,nighthawk_78345f69_qps_100_c_64_1024_v2-stats-wasm_both,64,100,1918,2267,2632,4059,0,0,0,0,0,0
2023-03-03T19:23:59.575488723Z,240,nighthawk_2edbabda_qps_400_c_16_1024_v2-stats-wasm_both,16,400,1452,1756,2086,3489,0,0,0,0,0,0
2023-03-03T18:54:10.945233993Z,240,nighthawk_2edbabda_qps_400_c_2_1024_v2-stats-wasm_both,2,400,1303,1475,1759,2942,0,0,0,0,0,0
2023-03-03T19:02:24.029133840Z,240,nighthawk_2edbabda_qps_400_c_4_1024_v2-stats-wasm_both,4,400,1324,1531,1881,3284,0,0,0,0,0,0
2023-03-03T18:50:04.324637996Z,240,nighthawk_2edbabda_qps_100_c_2_1024_v2-stats-wasm_both,2,100,1852,2061,2418,4210,0,0,0,0,0,0
2023-03-03T19:37:22.177539922Z,240,nighthawk_2edbabda_qps_400_c_64_1024_v2-stats-wasm_both,64,400,1320,1542,1958,3509,0,0,0,0,0,0
2023-03-03T19:55:28.794087869Z,240,nighthawk_21fc7837_qps_100_c_16_1024_v2-stats-wasm_both,16,100,1849,2070,2460,3643,0,0,0,0,0,0
2023-03-03T20:06:51.557931052Z,240,nighthawk_f0e7859b_qps_400_c_32_1024_v2-stats-wasm_both,32,400,1463,1762,2069,3312,0,0,0,0,0,0
